date,storage_ml,year
2012-01-01,698050.1000000001,2012
2012-01-02,695256.4,2012
2012-01-03,692603.3,2012
2012-01-04,689585.1,2012
2012-01-05,685657.4,2012
2012-01-06,683530.6,2012
2012-01-07,681825.7999999999,2012
2012-01-08,680193.7,2012
2012-01-09,677690.6,2012
2012-01-10,674035.7,2012
2012-01-11,670383.7,2012
2012-01-12,670548.8999999999,2012
2012-01-13,667891.7000000001,2012
2012-01-14,665777.3,2012
2012-01-15,664302.8999999999,2012
2012-01-16,661142.1,2012
2012-01-17,655971.0,2012
2012-01-18,653581.0,2012
2012-01-19,651643.6000000001,2012
2012-01-20,648405.4,2012
2012-01-21,646155.8,2012
2012-01-22,643866.4,2012
2012-01-23,641929.6,2012
2012-01-24,639419.5,2012
2012-01-25,636377.5,2012
2012-01-26,632888.9,2012
2012-01-27,630208.7,2012
2012-01-28,627478.3,2012
2012-01-29,625645.8,2012
2012-01-30,622383.2999999999,2012
2012-01-31,618789.0,2012
2012-02-01,616648.3999999999,2012
2012-02-02,614673.2,2012
2012-02-03,612336.2999999999,2012
2012-02-04,610132.3,2012
2012-02-05,608343.2,2012
2012-02-06,603978.1000000001,2012
2012-02-07,601945.8999999999,2012
2012-02-08,597362.5,2012
2012-02-09,594311.3,2012
2012-02-10,592150.6,2012
2012-02-11,589631.9,2012
2012-02-12,588347.6,2012
2012-02-13,586208.0,2012
2012-02-14,584060.8,2012
2012-02-15,581283.8,2012
2012-02-16,578559.3999999999,2012
2012-02-17,575267.2999999999,2012
2012-02-18,572631.3,2012
2012-02-19,570503.6,2012
2012-02-20,568118.2,2012
2012-02-21,564969.9,2012
2012-02-22,562389.3,2012
2012-02-23,557437.5,2012
2012-02-24,557053.0,2012
2012-02-25,555076.5,2012
2012-02-26,553353.6,2012
2012-02-27,551458.7,2012
2012-02-28,548839.8,2012
2012-02-29,545617.7,2012
2012-03-01,544219.3,2012
2012-03-02,540444.6,2012
2012-03-03,538581.1000000001,2012
2012-03-04,535149.2,2012
2012-03-05,533990.9,2012
2012-03-06,531364.0,2012
2012-03-07,529196.6000000001,2012
2012-03-08,525803.5,2012
2012-03-09,523329.5,2012
2012-03-10,520688.7,2012
2012-03-11,517283.5,2012
2012-03-12,516336.2,2012
2012-03-13,513973.8,2012
2012-03-14,508995.39999999997,2012
2012-03-15,508838.89999999997,2012
2012-03-16,507076.69999999995,2012
2012-03-17,503863.3,2012
2012-03-18,503095.4,2012
2012-03-19,500201.0,2012
2012-03-20,497874.5,2012
2012-03-21,494851.2,2012
2012-03-22,492962.39999999997,2012
2012-03-23,489618.9,2012
2012-03-24,487832.60000000003,2012
2012-03-25,485815.9,2012
2012-03-26,483099.19999999995,2012
2012-03-27,480448.3,2012
2012-03-28,478316.6,2012
2012-03-29,475441.80000000005,2012
2012-03-30,473538.5,2012
2012-03-31,472264.89999999997,2012
2012-04-01,472003.8,2012
2012-04-02,471854.6,2012
2012-04-03,470107.9,2012
2012-04-04,468617.4,2012
2012-04-05,466540.10000000003,2012
2012-04-06,465516.69999999995,2012
2012-04-07,464593.3,2012
2012-04-08,464115.9,2012
2012-04-09,466035.2,2012
2012-04-10,466212.0,2012
2012-04-11,466403.0,2012
2012-04-12,477220.3,2012
2012-04-13,475324.6,2012
2012-04-14,473277.8,2012
2012-04-15,472637.30000000005,2012
2012-04-16,471474.9,2012
2012-04-17,469394.69999999995,2012
2012-04-18,456202.69999999995,2012
2012-04-19,455292.8,2012
2012-04-20,453380.69999999995,2012
2012-04-21,451309.0,2012
2012-04-22,450162.8,2012
2012-04-23,449665.1,2012
2012-04-24,448276.1,2012
2012-04-25,446882.69999999995,2012
2012-04-26,445882.19999999995,2012
2012-04-27,443709.3,2012
2012-04-28,443076.2,2012
2012-04-29,441701.69999999995,2012
2012-04-30,442218.60000000003,2012
2012-05-01,441567.69999999995,2012
2012-05-02,443436.89999999997,2012
2012-05-03,445402.7,2012
2012-05-04,450046.5,2012
2012-05-05,456885.4,2012
2012-05-06,458406.1,2012
2012-05-07,459669.8,2012
2012-05-08,460137.3,2012
2012-05-09,460913.2,2012
2012-05-10,461340.60000000003,2012
2012-05-11,461230.0,2012
2012-05-12,460451.8,2012
2012-05-13,459667.7,2012
2012-05-14,459533.0,2012
2012-05-15,458625.7,2012
2012-05-16,458136.0,2012
2012-05-17,457487.70000000007,2012
2012-05-18,457272.9,2012
2012-05-19,456762.3,2012
2012-05-20,456590.10000000003,2012
2012-05-21,457624.9,2012
2012-05-22,457500.10000000003,2012
2012-05-23,457574.8,2012
2012-05-24,456811.6,2012
2012-05-25,456280.4,2012
2012-05-26,456094.8,2012
2012-05-27,457017.0,2012
2012-05-28,458741.39999999997,2012
2012-05-29,458602.5,2012
2012-05-30,458789.2,2012
2012-05-31,459295.2,2012
2012-06-01,459061.6,2012
2012-06-02,459084.9,2012
2012-06-03,459025.7,2012
2012-06-04,457722.69999999995,2012
2012-06-05,457499.9,2012
2012-06-06,457352.3,2012
2012-06-07,457501.7,2012
2012-06-08,466157.0,2012
2012-06-09,482581.19999999995,2012
2012-06-10,489532.0,2012
2012-06-11,500765.00000000006,2012
2012-06-12,504899.7,2012
2012-06-13,507179.69999999995,2012
2012-06-14,509387.1,2012
2012-06-15,510691.8,2012
2012-06-16,510386.2,2012
2012-06-17,510355.8,2012
2012-06-18,510663.69999999995,2012
2012-06-19,511153.0,2012
2012-06-20,511128.0,2012
2012-06-21,511389.39999999997,2012
2012-06-22,510921.10000000003,2012
2012-06-23,510166.3,2012
2012-06-24,510365.6,2012
2012-06-25,513690.80000000005,2012
2012-06-26,515456.10000000003,2012
2012-06-27,534875.3999999999,2012
2012-06-28,548622.4,2012
2012-06-29,550846.2999999999,2012
2012-06-30,553113.2,2012
2012-07-01,559974.6,2012
2012-07-02,563758.4,2012
2012-07-03,567070.6,2012
2012-07-04,569805.9,2012
2012-07-05,579650.8999999999,2012
2012-07-06,583388.9000000001,2012
2012-07-07,582560.2999999999,2012
2012-07-08,583858.7,2012
2012-07-09,593228.3999999999,2012
2012-07-10,601949.2000000001,2012
2012-07-11,613146.7999999999,2012
2012-07-12,619025.4,2012
2012-07-13,623624.7,2012
2012-07-14,624367.9,2012
2012-07-15,625908.9,2012
2012-07-16,631287.2000000001,2012
2012-07-17,633451.1,2012
2012-07-18,635021.6,2012
2012-07-19,635853.5,2012
2012-07-20,636622.3,2012
2012-07-21,638038.0,2012
2012-07-22,641819.5,2012
2012-07-23,663627.2000000001,2012
2012-07-24,674077.2000000001,2012
2012-07-25,674726.6,2012
2012-07-26,678265.2000000001,2012
2012-07-27,680084.7,2012
2012-07-28,681622.7,2012
2012-07-29,681652.7,2012
2012-07-30,684261.6000000001,2012
2012-07-31,684465.9,2012
2012-08-01,685645.5,2012
2012-08-02,685744.1,2012
2012-08-03,687617.0999999999,2012
2012-08-04,687370.5,2012
2012-08-05,687629.4,2012
2012-08-06,692729.2,2012
2012-08-07,698086.4,2012
2012-08-08,707281.6,2012
2012-08-09,712811.1,2012
2012-08-10,714547.5,2012
2012-08-11,718642.3999999999,2012
2012-08-12,724569.2,2012
2012-08-13,750356.5,2012
2012-08-14,753047.9,2012
2012-08-15,774348.6000000001,2012
2012-08-16,790956.2,2012
2012-08-17,803342.6000000001,2012
2012-08-18,807942.0,2012
2012-08-19,809314.8,2012
2012-08-20,819100.4,2012
2012-08-21,822619.0000000001,2012
2012-08-22,826952.8,2012
2012-08-23,829462.1000000001,2012
2012-08-24,830633.6000000001,2012
2012-08-25,831685.4,2012
2012-08-26,833701.0000000001,2012
2012-08-27,847610.2000000001,2012
2012-08-28,850328.9,2012
2012-08-29,853552.7,2012
2012-08-30,856832.2000000001,2012
2012-08-31,857235.1,2012
2012-09-01,866306.9,2012
2012-09-02,874319.2,2012
2012-09-03,876956.8,2012
2012-09-04,878819.9,2012
2012-09-05,880296.0,2012
2012-09-06,883248.2000000001,2012
2012-09-07,883409.5,2012
2012-09-08,884233.8,2012
2012-09-09,884857.9,2012
2012-09-10,887330.2000000001,2012
2012-09-11,890672.0,2012
2012-09-12,894480.2,2012
2012-09-13,895263.5,2012
2012-09-14,896874.5000000001,2012
2012-09-15,902126.0,2012
2012-09-16,898065.1,2012
2012-09-17,898731.5,2012
2012-09-18,898546.0000000001,2012
2012-09-19,899087.1000000001,2012
2012-09-20,899391.3,2012
2012-09-21,900018.4,2012
2012-09-22,900352.5,2012
2012-09-23,902173.7000000001,2012
2012-09-24,907838.5,2012
2012-09-25,908547.6,2012
2012-09-26,908264.7,2012
2012-09-27,908962.0,2012
2012-09-28,917084.7,2012
2012-09-29,918503.5000000001,2012
2012-09-30,918227.7000000001,2012
2012-10-01,918442.7000000001,2012
2012-10-02,918549.7,2012
2012-10-03,918214.4,2012
2012-10-04,919933.4,2012
2012-10-05,916613.5,2012
2012-10-06,916014.8,2012
2012-10-07,915863.8,2012
2012-10-08,914291.1,2012
2012-10-09,913785.1,2012
2012-10-10,913243.3,2012
2012-10-11,912062.7000000001,2012
2012-10-12,911812.8,2012
2012-10-13,911826.9,2012
2012-10-14,910192.3,2012
2012-10-15,909254.1,2012
2012-10-16,907825.9,2012
2012-10-17,907264.0000000001,2012
2012-10-18,906950.0,2012
2012-10-19,907800.4,2012
2012-10-20,911667.2000000001,2012
2012-10-21,911991.3,2012
2012-10-22,916587.2000000001,2012
2012-10-23,916037.8,2012
2012-10-24,914429.0000000001,2012
2012-10-25,913644.9,2012
2012-10-26,913093.4,2012
2012-10-27,912890.8,2012
2012-10-28,912301.6,2012
2012-10-29,908088.7000000001,2012
2012-10-30,907445.9,2012
2012-10-31,905144.1,2012
2012-11-01,903870.1,2012
2012-11-02,902081.1,2012
2012-11-03,900699.8,2012
2012-11-04,899514.8,2012
2012-11-05,898164.4,2012
2012-11-06,897846.3,2012
2012-11-07,896562.2999999999,2012
2012-11-08,893791.7,2012
2012-11-09,892760.5,2012
2012-11-10,891616.2999999999,2012
2012-11-11,890754.4,2012
2012-11-12,890366.4,2012
2012-11-13,890776.2,2012
2012-11-14,889866.6,2012
2012-11-15,889466.1,2012
2012-11-16,888457.6,2012
2012-11-17,884962.6,2012
2012-11-18,881002.9,2012
2012-11-19,882374.9,2012
2012-11-20,881700.2,2012
2012-11-21,879354.9,2012
2012-11-22,877431.7999999999,2012
2012-11-23,875344.1,2012
2012-11-24,874387.9,2012
2012-11-25,872494.6000000001,2012
2012-11-26,872008.2999999999,2012
2012-11-27,871027.9,2012
2012-11-28,869272.6000000001,2012
2012-11-29,865623.7999999999,2012
2012-11-30,863094.6,2012
2012-12-01,861405.7,2012
2012-12-02,860770.2,2012
2012-12-03,857534.6,2012
2012-12-04,855423.1,2012
2012-12-05,853902.1,2012
2012-12-06,852028.8999999999,2012
2012-12-07,849027.0,2012
2012-12-08,847479.5,2012
2012-12-09,845135.8,2012
2012-12-10,841847.8,2012
2012-12-11,839247.0,2012
2012-12-12,836820.7999999999,2012
2012-12-13,834464.0,2012
2012-12-14,832402.6,2012
2012-12-15,828953.2999999999,2012
2012-12-16,826525.0,2012
2012-12-17,824257.4999999999,2012
2012-12-18,822600.9,2012
2012-12-19,819847.5,2012
2012-12-20,817644.7999999999,2012
2012-12-21,815705.9999999999,2012
2012-12-22,812354.7,2012
2012-12-23,810343.2,2012
2012-12-24,808564.9,2012
2012-12-25,805238.4,2012
2012-12-26,803324.0,2012
2012-12-27,802164.5,2012
2012-12-28,800511.3,2012
2012-12-29,797004.0,2012
2012-12-30,793275.8,2012
2012-12-31,790251.9,2012
2013-01-01,788088.1,2013
2013-01-02,785932.9,2013
2013-01-03,784016.8999999999,2013
2013-01-04,779713.9,2013
2013-01-05,777493.5,2013
2013-01-06,775663.3000000002,2013
2013-01-07,772003.3,2013
2013-01-08,770061.3,2013
2013-01-09,768615.0,2013
2013-01-10,765431.6,2013
2013-01-11,763187.6000000001,2013
2013-01-12,761324.5,2013
2013-01-13,759094.8,2013
2013-01-14,757457.9,2013
2013-01-15,752859.0,2013
2013-01-16,749342.1000000001,2013
2013-01-17,747188.2,2013
2013-01-18,746080.7,2013
2013-01-19,743320.9,2013
2013-01-20,741177.1,2013
2013-01-21,736810.4,2013
2013-01-22,734851.4,2013
2013-01-23,732226.2999999999,2013
2013-01-24,729373.5,2013
2013-01-25,726967.9999999999,2013
2013-01-26,720322.6,2013
2013-01-27,718703.7999999999,2013
2013-01-28,716071.0000000001,2013
2013-01-29,713836.0,2013
2013-01-30,712292.6000000001,2013
2013-01-31,709936.2999999999,2013
2013-02-01,707532.7999999999,2013
2013-02-02,703903.6,2013
2013-02-03,699629.6,2013
2013-02-04,698284.8,2013
2013-02-05,694419.2000000001,2013
2013-02-06,688570.4,2013
2013-02-07,687401.8,2013
2013-02-08,686583.2999999999,2013
2013-02-09,685363.8,2013
2013-02-10,682845.2000000001,2013
2013-02-11,679992.7000000001,2013
2013-02-12,678725.2,2013
2013-02-13,677286.5,2013
2013-02-14,675423.1000000001,2013
2013-02-15,671265.7999999999,2013
2013-02-16,670678.1,2013
2013-02-17,669784.7,2013
2013-02-18,664241.0000000001,2013
2013-02-19,664772.9,2013
2013-02-20,661533.5,2013
2013-02-21,661051.8,2013
2013-02-22,655157.7000000001,2013
2013-02-23,650962.7,2013
2013-02-24,648146.1,2013
2013-02-25,654716.8999999999,2013
2013-02-26,646182.8,2013
2013-02-27,644451.1,2013
2013-02-28,644815.1,2013
2013-03-01,640763.5,2013
2013-03-02,639619.7999999999,2013
2013-03-03,637886.7,2013
2013-03-04,634072.7000000001,2013
2013-03-05,631821.7999999999,2013
2013-03-06,630076.1,2013
2013-03-07,627837.5,2013
2013-03-08,626020.0,2013
2013-03-09,624219.5,2013
2013-03-10,624237.2,2013
2013-03-11,620939.7999999999,2013
2013-03-12,618104.2,2013
2013-03-13,616169.4,2013
2013-03-14,614338.7999999999,2013
2013-03-15,611290.5,2013
2013-03-16,610037.2999999999,2013
2013-03-17,608023.7,2013
2013-03-18,605957.4,2013
2013-03-19,604189.4,2013
2013-03-20,602618.1,2013
2013-03-21,600001.6,2013
2013-03-22,598155.8,2013
2013-03-23,596447.6000000001,2013
2013-03-24,594993.5,2013
2013-03-25,593378.4,2013
2013-03-26,591396.0,2013
2013-03-27,588241.1,2013
2013-03-28,586790.5,2013
2013-03-29,578339.2,2013
2013-03-30,577176.2999999999,2013
2013-03-31,575106.7,2013
2013-04-01,574265.2,2013
2013-04-02,576619.7999999999,2013
2013-04-03,577533.0,2013
2013-04-04,583911.3,2013
2013-04-05,576210.9,2013
2013-04-06,574436.7999999999,2013
2013-04-07,573097.9,2013
2013-04-08,573159.1,2013
2013-04-09,572438.4,2013
2013-04-10,571249.7,2013
2013-04-11,570253.5,2013
2013-04-12,569495.2000000001,2013
2013-04-13,568476.4,2013
2013-04-14,566645.1,2013
2013-04-15,565560.7,2013
2013-04-16,564195.0,2013
2013-04-17,564309.5,2013
2013-04-18,583786.8,2013
2013-04-19,586599.3,2013
2013-04-20,588288.7000000001,2013
2013-04-21,588493.4,2013
2013-04-22,590006.0,2013
2013-04-23,589846.6,2013
2013-04-24,589082.7000000001,2013
2013-04-25,588426.9,2013
2013-04-26,588178.3,2013
2013-04-27,587391.4,2013
2013-04-28,586918.2000000001,2013
2013-04-29,585477.0,2013
2013-04-30,584375.6000000001,2013
2013-05-01,582574.3,2013
2013-05-02,581933.6,2013
2013-05-03,581504.2,2013
2013-05-04,580998.8,2013
2013-05-05,580346.0,2013
2013-05-06,579501.5,2013
2013-05-07,578060.4,2013
2013-05-08,577823.3,2013
2013-05-09,576992.1,2013
2013-05-10,576701.6,2013
2013-05-11,576685.4,2013
2013-05-12,576009.8999999999,2013
2013-05-13,575575.3,2013
2013-05-14,574659.6000000001,2013
2013-05-15,573311.9,2013
2013-05-16,572779.0,2013
2013-05-17,572172.5,2013
2013-05-18,570927.4,2013
2013-05-19,569938.3,2013
2013-05-20,568962.6,2013
2013-05-21,568058.7,2013
2013-05-22,567132.9,2013
2013-05-23,566552.0,2013
2013-05-24,566494.6,2013
2013-05-25,565711.2,2013
2013-05-26,565088.2000000001,2013
2013-05-27,566941.6000000001,2013
2013-05-28,568022.7,2013
2013-05-29,570698.9,2013
2013-05-30,571620.7,2013
2013-05-31,586018.2999999999,2013
2013-06-01,587125.0,2013
2013-06-02,590277.2000000001,2013
2013-06-03,629037.6,2013
2013-06-04,635603.3999999999,2013
2013-06-05,650257.6,2013
2013-06-06,655428.0999999999,2013
2013-06-07,657593.8,2013
2013-06-08,659226.8,2013
2013-06-09,673267.0000000001,2013
2013-06-10,682662.0999999999,2013
2013-06-11,686133.5,2013
2013-06-12,688281.6,2013
2013-06-13,689565.7,2013
2013-06-14,691318.1,2013
2013-06-15,702370.5,2013
2013-06-16,703470.6,2013
2013-06-17,711758.4,2013
2013-06-18,713316.6,2013
2013-06-19,715333.1,2013
2013-06-20,717076.2000000001,2013
2013-06-21,718014.3,2013
2013-06-22,718048.7000000001,2013
2013-06-23,719702.3999999999,2013
2013-06-24,722510.3999999999,2013
2013-06-25,724082.7999999999,2013
2013-06-26,747608.3999999999,2013
2013-06-27,755274.3999999999,2013
2013-06-28,762280.6,2013
2013-06-29,765687.1,2013
2013-06-30,767510.7999999999,2013
2013-07-01,769310.4,2013
2013-07-02,770525.1,2013
2013-07-03,771042.6,2013
2013-07-04,771488.2,2013
2013-07-05,772526.1,2013
2013-07-06,772656.0,2013
2013-07-07,772788.0,2013
2013-07-08,771053.0,2013
2013-07-09,771412.9,2013
2013-07-10,772917.0,2013
2013-07-11,772874.7,2013
2013-07-12,772247.2,2013
2013-07-13,772779.3999999999,2013
2013-07-14,772965.5,2013
2013-07-15,773000.5,2013
2013-07-16,773141.4,2013
2013-07-17,773895.5,2013
2013-07-18,774141.7999999999,2013
2013-07-19,782076.6000000001,2013
2013-07-20,786232.9,2013
2013-07-21,799754.1,2013
2013-07-22,805630.3,2013
2013-07-23,808848.1,2013
2013-07-24,814709.4,2013
2013-07-25,817026.2,2013
2013-07-26,819775.7000000001,2013
2013-07-27,823326.7000000001,2013
2013-07-28,828194.6,2013
2013-07-29,837916.6,2013
2013-07-30,841058.1,2013
2013-07-31,842805.0000000001,2013
2013-08-01,845701.3,2013
2013-08-02,846731.7999999999,2013
2013-08-03,847514.4,2013
2013-08-04,847980.6,2013
2013-08-05,848146.1,2013
2013-08-06,848843.2000000001,2013
2013-08-07,850486.8,2013
2013-08-08,862523.1000000001,2013
2013-08-09,869934.2,2013
2013-08-10,872156.4,2013
2013-08-11,874142.4,2013
2013-08-12,874668.3,2013
2013-08-13,890475.7000000001,2013
2013-08-14,905235.6,2013
2013-08-15,912714.3,2013
2013-08-16,926845.4000000001,2013
2013-08-17,935982.1000000001,2013
2013-08-18,936908.2000000001,2013
2013-08-19,931209.5000000001,2013
2013-08-20,927930.0000000001,2013
2013-08-21,927766.0,2013
2013-08-22,930112.3,2013
2013-08-23,927074.7000000001,2013
2013-08-24,926009.8,2013
2013-08-25,925901.5000000001,2013
2013-08-26,921953.1,2013
2013-08-27,925671.4,2013
2013-08-28,927652.0,2013
2013-08-29,955247.9,2013
2013-08-30,964237.7000000001,2013
2013-08-31,964590.3,2013
2013-09-01,961153.3,2013
2013-09-02,942552.1,2013
2013-09-03,940275.2,2013
2013-09-04,936659.3,2013
2013-09-05,932965.3,2013
2013-09-06,929384.6,2013
2013-09-07,926679.2000000001,2013
2013-09-08,923878.9,2013
2013-09-09,923039.3,2013
2013-09-10,920867.8,2013
2013-09-11,920022.2999999999,2013
2013-09-12,917934.3,2013
2013-09-13,918313.6,2013
2013-09-14,918301.9,2013
2013-09-15,918401.1000000001,2013
2013-09-16,931479.1,2013
2013-09-17,931555.1,2013
2013-09-18,932077.0,2013
2013-09-19,931060.2000000001,2013
2013-09-20,935477.2000000001,2013
2013-09-21,937774.7000000001,2013
2013-09-22,939317.4,2013
2013-09-23,934229.0000000001,2013
2013-09-24,933106.1,2013
2013-09-25,928506.1,2013
2013-09-26,924630.2,2013
2013-09-27,924071.0,2013
2013-09-28,923827.5,2013
2013-09-29,921673.7000000001,2013
2013-09-30,919713.7000000001,2013
2013-10-01,919060.1,2013
2013-10-02,918384.1,2013
2013-10-03,916939.0,2013
2013-10-04,913902.3,2013
2013-10-05,913735.1000000001,2013
2013-10-06,912379.8,2013
2013-10-07,910979.2000000001,2013
2013-10-08,909774.7,2013
2013-10-09,909106.1,2013
2013-10-10,909035.4,2013
2013-10-11,908662.8,2013
2013-10-12,908526.3,2013
2013-10-13,907360.3,2013
2013-10-14,906349.2000000001,2013
2013-10-15,905810.6000000001,2013
2013-10-16,905691.9,2013
2013-10-17,905398.0,2013
2013-10-18,904374.2000000001,2013
2013-10-19,904390.3,2013
2013-10-20,903694.6000000001,2013
2013-10-21,903096.2000000001,2013
2013-10-22,902941.1000000001,2013
2013-10-23,901313.3,2013
2013-10-24,900233.2000000001,2013
2013-10-25,899766.8,2013
2013-10-26,900686.1,2013
2013-10-27,900827.2000000001,2013
2013-10-28,900961.1,2013
2013-10-29,900252.8,2013
2013-10-30,899770.8,2013
2013-10-31,899969.1000000001,2013
2013-11-01,902935.1000000001,2013
2013-11-02,910436.2000000001,2013
2013-11-03,908662.6,2013
2013-11-04,907391.4,2013
2013-11-05,906332.8999999999,2013
2013-11-06,906083.0,2013
2013-11-07,905382.4,2013
2013-11-08,902873.4,2013
2013-11-09,902192.7000000001,2013
2013-11-10,901888.1,2013
2013-11-11,900267.2000000001,2013
2013-11-12,898663.4999999999,2013
2013-11-13,897270.5,2013
2013-11-14,896601.8,2013
2013-11-15,894050.7,2013
2013-11-16,916674.8,2013
2013-11-17,930904.2000000001,2013
2013-11-18,933397.5000000001,2013
2013-11-19,931039.9,2013
2013-11-20,925350.2,2013
2013-11-21,924255.6,2013
2013-11-22,919913.9,2013
2013-11-23,918068.2000000001,2013
2013-11-24,913971.0,2013
2013-11-25,911870.9,2013
2013-11-26,910152.6,2013
2013-11-27,907028.2,2013
2013-11-28,905706.3,2013
2013-11-29,904103.1000000001,2013
2013-11-30,902987.2000000001,2013
2013-12-01,901265.0,2013
2013-12-02,898376.6,2013
2013-12-03,895673.5000000001,2013
2013-12-04,894475.0,2013
2013-12-05,892734.7000000001,2013
2013-12-06,890882.2000000001,2013
2013-12-07,888588.8999999999,2013
2013-12-08,887288.0,2013
2013-12-09,887765.9,2013
2013-12-10,884368.7,2013
2013-12-11,882331.5,2013
2013-12-12,879669.0,2013
2013-12-13,878007.0,2013
2013-12-14,875439.6,2013
2013-12-15,877651.8,2013
2013-12-16,875506.0,2013
2013-12-17,873516.1,2013
2013-12-18,870296.7000000001,2013
2013-12-19,868728.3,2013
2013-12-20,864703.8,2013
2013-12-21,861362.0,2013
2013-12-22,860151.7,2013
2013-12-23,858065.8999999999,2013
2013-12-24,855516.8999999999,2013
2013-12-25,853851.2,2013
2013-12-26,852409.7999999999,2013
2013-12-27,849575.3999999999,2013
2013-12-28,848096.7,2013
2013-12-29,845959.6000000001,2013
2013-12-30,843953.9,2013
2013-12-31,841263.5,2013
2014-01-01,838928.7,2014
2014-01-02,837035.3,2014
2014-01-03,835032.3,2014
2014-01-04,832807.0,2014
2014-01-05,831283.5,2014
2014-01-06,828640.0,2014
2014-01-07,831635.3,2014
2014-01-08,836082.4,2014
2014-01-09,838422.1,2014
2014-01-10,840431.3999999999,2014
2014-01-11,841567.6,2014
2014-01-12,839419.1,2014
2014-01-13,837481.9,2014
2014-01-14,837233.2999999999,2014
2014-01-15,835875.6,2014
2014-01-16,832889.2000000001,2014
2014-01-17,832686.4,2014
2014-01-18,828586.1,2014
2014-01-19,826389.3,2014
2014-01-20,823859.4,2014
2014-01-21,821772.9,2014
2014-01-22,819236.7000000001,2014
2014-01-23,816438.3,2014
2014-01-24,814696.1,2014
2014-01-25,814147.1,2014
2014-01-26,812092.2,2014
2014-01-27,809227.7,2014
2014-01-28,807028.7,2014
2014-01-29,805296.5,2014
2014-01-30,802038.1,2014
2014-01-31,799830.9,2014
2014-02-01,797819.7000000001,2014
2014-02-02,766610.7,2014
2014-02-03,791944.7,2014
2014-02-04,789562.3,2014
2014-02-05,788348.4,2014
2014-02-06,786950.2999999999,2014
2014-02-07,784492.4999999999,2014
2014-02-08,781698.0,2014
2014-02-09,779481.3,2014
2014-02-10,776397.4,2014
2014-02-11,774202.1,2014
2014-02-12,771645.3,2014
2014-02-13,769367.6,2014
2014-02-14,766058.7,2014
2014-02-15,763932.9,2014
2014-02-16,762044.2,2014
2014-02-17,759693.7,2014
2014-02-18,757017.0,2014
2014-02-19,754553.8999999999,2014
2014-02-20,752291.7,2014
2014-02-21,750650.6,2014
2014-02-22,749008.3,2014
2014-02-23,747265.2,2014
2014-02-24,745288.6000000001,2014
2014-02-25,742906.8,2014
2014-02-26,740127.9,2014
2014-02-27,737828.6,2014
2014-02-28,735172.3,2014
2014-03-01,731896.9,2014
2014-03-02,728469.0,2014
2014-03-03,724777.2000000001,2014
2014-03-04,722292.7000000001,2014
2014-03-05,719508.2,2014
2014-03-06,717298.8999999999,2014
2014-03-07,763006.1,2014
2014-03-08,713014.7,2014
2014-03-09,711004.3999999999,2014
2014-03-10,708217.7999999999,2014
2014-03-11,706212.8,2014
2014-03-12,704319.1,2014
2014-03-13,701212.5000000001,2014
2014-03-14,697990.3,2014
2014-03-15,696831.6,2014
2014-03-16,695452.0,2014
2014-03-17,693635.0000000001,2014
2014-03-18,690978.6,2014
2014-03-19,690180.3,2014
2014-03-20,686346.5,2014
2014-03-21,684669.7,2014
2014-03-22,683190.4,2014
2014-03-23,681737.1000000001,2014
2014-03-24,678462.6000000001,2014
2014-03-25,676647.9,2014
2014-03-26,675418.2,2014
2014-03-27,679740.7000000001,2014
2014-03-28,678098.3999999999,2014
2014-03-29,677554.2,2014
2014-03-30,676287.3999999999,2014
2014-03-31,675359.9,2014
2014-04-01,674500.0,2014
2014-04-02,675828.3999999999,2014
2014-04-03,680508.4,2014
2014-04-04,680929.6000000001,2014
2014-04-05,679656.2999999999,2014
2014-04-06,677832.4,2014
2014-04-07,676814.4,2014
2014-04-08,675143.1000000001,2014
2014-04-09,674811.0,2014
2014-04-10,673056.6,2014
2014-04-11,671894.1000000001,2014
2014-04-12,671342.7000000001,2014
2014-04-13,670534.6,2014
2014-04-14,669184.7000000001,2014
2014-04-15,667400.5,2014
2014-04-16,665061.8999999999,2014
2014-04-17,663235.2000000001,2014
2014-04-18,661949.9,2014
2014-04-19,660296.8999999999,2014
2014-04-20,658598.1,2014
2014-04-21,657234.0,2014
2014-04-22,656971.5,2014
2014-04-23,656460.0,2014
2014-04-24,654893.1,2014
2014-04-25,653459.2000000001,2014
2014-04-26,651703.5,2014
2014-04-27,650079.4,2014
2014-04-28,648453.0,2014
2014-04-29,647574.2000000001,2014
2014-04-30,647432.9,2014
2014-05-01,645928.4,2014
2014-05-02,644517.1,2014
2014-05-03,643270.9,2014
2014-05-04,642766.3,2014
2014-05-05,641904.4,2014
2014-05-06,640896.3999999999,2014
2014-05-07,639375.1,2014
2014-05-08,638676.2000000001,2014
2014-05-09,639501.1,2014
2014-05-10,641958.0,2014
2014-05-11,645043.3,2014
2014-05-12,647078.0,2014
2014-05-13,649066.2999999999,2014
2014-05-14,648452.6,2014
2014-05-15,648050.1000000001,2014
2014-05-16,649546.4,2014
2014-05-17,649273.5,2014
2014-05-18,648303.4,2014
2014-05-19,648619.2000000001,2014
2014-05-20,648477.1,2014
2014-05-21,647591.4000000001,2014
2014-05-22,647568.7000000001,2014
2014-05-23,647751.9,2014
2014-05-24,647316.2000000001,2014
2014-05-25,646208.6,2014
2014-05-26,650655.1000000001,2014
2014-05-27,649911.2,2014
2014-05-28,649681.1,2014
2014-05-29,656628.0000000001,2014
2014-05-30,661900.8,2014
2014-05-31,666865.6,2014
2014-06-01,668651.0,2014
2014-06-02,677805.2,2014
2014-06-03,690546.2,2014
2014-06-04,709547.4,2014
2014-06-05,726300.6000000001,2014
2014-06-06,737737.5,2014
2014-06-07,742872.9,2014
2014-06-08,745222.3,2014
2014-06-09,753900.2000000001,2014
2014-06-10,768274.8,2014
2014-06-11,774454.2000000001,2014
2014-06-12,777724.9,2014
2014-06-13,782122.8,2014
2014-06-14,782600.5,2014
2014-06-15,793296.6000000001,2014
2014-06-16,819636.8,2014
2014-06-17,825738.8,2014
2014-06-18,833989.7000000001,2014
2014-06-19,831000.2,2014
2014-06-20,834203.7000000001,2014
2014-06-21,844002.5,2014
2014-06-22,848138.2000000001,2014
2014-06-23,848118.4,2014
2014-06-24,848916.0,2014
2014-06-25,849529.0,2014
2014-06-26,853613.9,2014
2014-06-27,860123.6000000001,2014
2014-06-28,863941.4,2014
2014-06-29,866245.0,2014
2014-06-30,866522.4,2014
2014-07-01,866785.6000000001,2014
2014-07-02,867562.5,2014
2014-07-03,867397.1,2014
2014-07-04,867998.0,2014
2014-07-05,871314.1,2014
2014-07-06,879279.4,2014
2014-07-07,884369.0000000001,2014
2014-07-08,884525.3,2014
2014-07-09,884749.8,2014
2014-07-10,885836.4,2014
2014-07-11,884578.6000000001,2014
2014-07-12,884800.3,2014
2014-07-13,884973.6,2014
2014-07-14,884935.5000000001,2014
2014-07-15,884339.7,2014
2014-07-16,883643.2999999999,2014
2014-07-17,883734.1000000001,2014
2014-07-18,895885.8,2014
2014-07-19,904415.9,2014
2014-07-20,906004.2000000001,2014
2014-07-21,909537.4,2014
2014-07-22,910596.4,2014
2014-07-23,909227.6,2014
2014-07-24,908895.6000000001,2014
2014-07-25,910950.7000000001,2014
2014-07-26,920462.5,2014
2014-07-27,924616.7000000001,2014
2014-07-28,927372.8,2014
2014-07-29,929665.9,2014
2014-07-30,929527.4,2014
2014-07-31,928363.6,2014
2014-08-01,918685.9,2014
2014-08-02,918516.3,2014
2014-08-03,917623.2000000001,2014
2014-08-04,916846.2,2014
2014-08-05,919375.5,2014
2014-08-06,919592.7999999999,2014
2014-08-07,920693.3,2014
2014-08-08,920799.6000000001,2014
2014-08-09,919721.4,2014
2014-08-10,918052.1,2014
2014-08-11,917746.1,2014
2014-08-12,916363.9,2014
2014-08-13,916346.9,2014
2014-08-14,916100.9,2014
2014-08-15,916750.3,2014
2014-08-16,913518.0,2014
2014-08-17,913495.9,2014
2014-08-18,913521.5,2014
2014-08-19,912422.3,2014
2014-08-20,911753.8,2014
2014-08-21,912162.2000000001,2014
2014-08-22,919324.1,2014
2014-08-23,919262.3,2014
2014-08-24,919885.0,2014
2014-08-25,916548.4,2014
2014-08-26,916536.6,2014
2014-08-27,919268.7000000001,2014
2014-08-28,933515.0000000001,2014
2014-08-29,935677.0,2014
2014-08-30,936987.2000000001,2014
2014-08-31,936624.2000000001,2014
2014-09-01,932306.6,2014
2014-09-02,931036.3,2014
2014-09-03,925274.1000000001,2014
2014-09-04,923259.0,2014
2014-09-05,917468.0,2014
2014-09-06,916053.0,2014
2014-09-07,915000.1,2014
2014-09-08,914437.4,2014
2014-09-09,913490.4,2014
2014-09-10,911094.4,2014
2014-09-11,910531.9,2014
2014-09-12,909647.7,2014
2014-09-13,907803.8,2014
2014-09-14,907019.6,2014
2014-09-15,907252.8,2014
2014-09-16,902998.6,2014
2014-09-17,902061.7999999999,2014
2014-09-18,903054.4,2014
2014-09-19,911088.1000000001,2014
2014-09-20,924538.8,2014
2014-09-21,912318.4,2014
2014-09-22,912599.4,2014
2014-09-23,911296.7000000001,2014
2014-09-24,908795.7000000001,2014
2014-09-25,908522.8,2014
2014-09-26,907115.9,2014
2014-09-27,908764.2,2014
2014-09-28,908743.3,2014
2014-09-29,908954.6000000001,2014
2014-09-30,906358.6000000001,2014
2014-10-01,906781.5,2014
2014-10-02,905995.0,2014
2014-10-03,905008.7,2014
2014-10-04,904369.7999999999,2014
2014-10-05,903575.5,2014
2014-10-06,902801.0000000001,2014
2014-10-07,902543.2,2014
2014-10-08,901353.9,2014
2014-10-09,901242.2000000001,2014
2014-10-10,900584.4,2014
2014-10-11,898507.1,2014
2014-10-12,898179.4,2014
2014-10-13,895659.9,2014
2014-10-14,895205.5000000001,2014
2014-10-15,894920.0,2014
2014-10-16,894347.4,2014
2014-10-17,894027.4,2014
2014-10-18,893286.3,2014
2014-10-19,891811.9,2014
2014-10-20,890361.0,2014
2014-10-21,889756.8999999999,2014
2014-10-22,888740.1000000001,2014
2014-10-23,888130.7,2014
2014-10-24,885513.0,2014
2014-10-25,884123.5,2014
2014-10-26,883370.2,2014
2014-10-27,880786.3999999999,2014
2014-10-28,879699.8,2014
2014-10-29,878283.2,2014
2014-10-30,876082.7999999999,2014
2014-10-31,874262.0,2014
2014-11-01,873027.7,2014
2014-11-02,871590.4,2014
2014-11-03,870923.7000000001,2014
2014-11-04,870648.2000000001,2014
2014-11-05,864635.2000000001,2014
2014-11-06,864427.7000000001,2014
2014-11-07,863450.1000000001,2014
2014-11-08,861367.5,2014
2014-11-09,859505.8,2014
2014-11-10,857319.2999999999,2014
2014-11-11,855965.0,2014
2014-11-12,855084.1,2014
2014-11-13,854575.4,2014
2014-11-14,853418.8,2014
2014-11-15,854612.9,2014
2014-11-16,854480.4,2014
2014-11-17,853216.8,2014
2014-11-18,852758.0,2014
2014-11-19,852187.7000000001,2014
2014-11-20,850763.1,2014
2014-11-21,849394.6,2014
2014-11-22,849712.6,2014
2014-11-23,846180.4,2014
2014-11-24,844576.0,2014
2014-11-25,842875.6,2014
2014-11-26,841474.5,2014
2014-11-27,840358.4,2014
2014-11-28,839173.0,2014
2014-11-29,835110.0,2014
2014-11-30,833709.0,2014
2014-12-01,831978.7,2014
2014-12-02,829321.7000000001,2014
2014-12-03,827707.0,2014
2014-12-04,824805.5,2014
2014-12-05,823026.1,2014
2014-12-06,821838.9999999999,2014
2014-12-07,820404.1,2014
2014-12-08,816518.7999999999,2014
2014-12-09,814441.6,2014
2014-12-10,811277.4,2014
2014-12-11,810302.2,2014
2014-12-12,809687.2000000001,2014
2014-12-13,805940.7000000001,2014
2014-12-14,802340.0,2014
2014-12-15,799813.1,2014
2014-12-16,798263.8,2014
2014-12-17,801402.7999999999,2014
2014-12-18,791745.4,2014
2014-12-19,789924.9999999999,2014
2014-12-20,789316.5,2014
2014-12-21,786807.0,2014
2014-12-22,782647.2,2014
2014-12-23,779516.1,2014
2014-12-24,776937.9,2014
2014-12-25,774493.6,2014
2014-12-26,772880.7,2014
2014-12-27,770080.4,2014
2014-12-28,767557.9,2014
2014-12-29,764552.8,2014
2014-12-30,761348.6,2014
2014-12-31,758673.6,2014
2015-01-01,757004.7,2015
2015-01-02,753767.5,2015
2015-01-03,751846.4,2015
2015-01-04,749707.7999999999,2015
2015-01-05,747782.0,2015
2015-01-06,744397.0,2015
2015-01-07,741699.7000000001,2015
2015-01-08,739290.0,2015
2015-01-09,736168.9,2015
2015-01-10,733816.3,2015
2015-01-11,731497.0000000001,2015
2015-01-12,729004.2000000001,2015
2015-01-13,726138.4000000001,2015
2015-01-14,722941.7000000001,2015
2015-01-15,720021.0,2015
2015-01-16,718192.9,2015
2015-01-17,715152.6000000001,2015
2015-01-18,714388.7,2015
2015-01-19,711049.6000000001,2015
2015-01-20,708347.7000000001,2015
2015-01-21,706835.1000000001,2015
2015-01-22,702847.6,2015
2015-01-23,699583.2999999999,2015
2015-01-24,697296.1,2015
2015-01-25,696169.6000000001,2015
2015-01-26,693861.0,2015
2015-01-27,690301.9,2015
2015-01-28,687017.6,2015
2015-01-29,684411.2999999999,2015
2015-01-30,681936.5,2015
2015-01-31,678494.4,2015
2015-02-01,676421.3999999999,2015
2015-02-02,671670.2000000001,2015
2015-02-03,670303.0,2015
2015-02-04,668808.2000000001,2015
2015-02-05,665766.3,2015
2015-02-06,662769.7,2015
2015-02-07,661159.2000000001,2015
2015-02-08,660977.0,2015
2015-02-09,656644.8,2015
2015-02-10,654877.0,2015
2015-02-11,653511.4,2015
2015-02-12,650177.5,2015
2015-02-13,648244.6,2015
2015-02-14,646396.9999999999,2015
2015-02-15,644944.5999999999,2015
2015-02-16,643480.3,2015
2015-02-17,641257.8,2015
2015-02-18,639117.2,2015
2015-02-19,636432.5,2015
2015-02-20,627362.6,2015
2015-02-21,621389.7,2015
2015-02-22,619957.7,2015
2015-02-23,620234.4,2015
2015-02-24,616191.2,2015
2015-02-25,615481.0000000001,2015
2015-02-26,611680.7,2015
2015-02-27,608564.4,2015
2015-02-28,606402.5,2015
2015-03-01,603865.2000000001,2015
2015-03-02,599991.0,2015
2015-03-03,598445.5,2015
2015-03-04,596097.0,2015
2015-03-05,592509.1,2015
2015-03-06,590249.3999999999,2015
2015-03-07,588493.8,2015
2015-03-08,585889.2,2015
2015-03-09,583193.4,2015
2015-03-10,582944.2,2015
2015-03-11,579042.7000000001,2015
2015-03-12,576793.7,2015
2015-03-13,573795.6000000001,2015
2015-03-14,568952.2,2015
2015-03-15,567391.3,2015
2015-03-16,566132.1,2015
2015-03-17,563530.3,2015
2015-03-18,561644.4,2015
2015-03-19,559111.9,2015
2015-03-20,555694.6000000001,2015
2015-03-21,553072.2000000001,2015
2015-03-22,552396.3,2015
2015-03-23,550426.1000000001,2015
2015-03-24,548052.3,2015
2015-03-25,546613.4,2015
2015-03-26,544826.9,2015
2015-03-27,542199.6000000001,2015
2015-03-28,540274.5,2015
2015-03-29,538314.0,2015
2015-03-30,540536.5,2015
2015-03-31,533640.1000000001,2015
2015-04-01,530714.7000000001,2015
2015-04-02,528608.5,2015
2015-04-03,525557.6000000001,2015
2015-04-04,523682.39999999997,2015
2015-04-05,521229.0,2015
2015-04-06,518770.5,2015
2015-04-07,516659.60000000003,2015
2015-04-08,515240.39999999997,2015
2015-04-09,512013.0,2015
2015-04-10,509899.9,2015
2015-04-11,508378.89999999997,2015
2015-04-12,506538.30000000005,2015
2015-04-13,504946.10000000003,2015
2015-04-14,503449.10000000003,2015
2015-04-15,501964.0,2015
2015-04-16,501288.80000000005,2015
2015-04-17,496779.5,2015
2015-04-18,495799.30000000005,2015
2015-04-19,486212.80000000005,2015
2015-04-20,491558.30000000005,2015
2015-04-21,489122.39999999997,2015
2015-04-22,487525.6,2015
2015-04-23,485570.1,2015
2015-04-24,483403.6,2015
2015-04-25,481510.60000000003,2015
2015-04-26,479730.69999999995,2015
2015-04-27,478314.69999999995,2015
2015-04-28,477368.1,2015
2015-04-29,475488.9,2015
2015-04-30,474006.6,2015
2015-05-01,471679.89999999997,2015
2015-05-02,470674.0,2015
2015-05-03,469649.1,2015
2015-05-04,468321.0,2015
2015-05-05,466851.8,2015
2015-05-06,465375.3,2015
2015-05-07,464171.5,2015
2015-05-08,462034.9,2015
2015-05-09,460578.1,2015
2015-05-10,459294.69999999995,2015
2015-05-11,457303.8,2015
2015-05-12,455920.5,2015
2015-05-13,453774.5,2015
2015-05-14,452527.2,2015
2015-05-15,451435.8,2015
2015-05-16,450962.8,2015
2015-05-17,449674.80000000005,2015
2015-05-18,448686.0,2015
2015-05-19,447557.8,2015
2015-05-20,446071.00000000006,2015
2015-05-21,444500.19999999995,2015
2015-05-22,443107.8,2015
2015-05-23,441504.3,2015
2015-05-24,440385.5,2015
2015-05-25,439392.8,2015
2015-05-26,437580.4,2015
2015-05-27,436696.3,2015
2015-05-28,435824.1,2015
2015-05-29,434651.3,2015
2015-05-30,434819.60000000003,2015
2015-05-31,434716.60000000003,2015
2015-06-01,431543.30000000005,2015
2015-06-02,435947.3,2015
2015-06-03,443209.1,2015
2015-06-04,451332.2,2015
2015-06-05,455531.4,2015
2015-06-06,457215.2,2015
2015-06-07,458273.5,2015
2015-06-08,457942.1,2015
2015-06-09,457187.9,2015
2015-06-10,456837.6,2015
2015-06-11,456597.80000000005,2015
2015-06-12,455497.6,2015
2015-06-13,454715.19999999995,2015
2015-06-14,454125.19999999995,2015
2015-06-15,453721.19999999995,2015
2015-06-16,455822.39999999997,2015
2015-06-17,458493.3,2015
2015-06-18,461809.89999999997,2015
2015-06-19,462299.0,2015
2015-06-20,462958.8,2015
2015-06-21,463534.4,2015
2015-06-22,463106.89999999997,2015
2015-06-23,462419.39999999997,2015
2015-06-24,464065.2,2015
2015-06-25,476150.19999999995,2015
2015-06-26,478908.8,2015
2015-06-27,481476.6,2015
2015-06-28,484004.39999999997,2015
2015-06-29,485424.4,2015
2015-06-30,485551.2,2015
2015-07-01,485594.3,2015
2015-07-02,485265.0,2015
2015-07-03,485268.69999999995,2015
2015-07-04,485407.0,2015
2015-07-05,484735.6,2015
2015-07-06,484028.5,2015
2015-07-07,483497.4,2015
2015-07-08,482800.4,2015
2015-07-09,482104.1,2015
2015-07-10,481670.50000000006,2015
2015-07-11,481443.60000000003,2015
2015-07-12,481764.00000000006,2015
2015-07-13,483733.60000000003,2015
2015-07-14,482553.10000000003,2015
2015-07-15,483784.70000000007,2015
2015-07-16,483403.10000000003,2015
2015-07-17,483021.60000000003,2015
2015-07-18,507991.39999999997,2015
2015-07-19,512337.2,2015
2015-07-20,522531.10000000003,2015
2015-07-21,526501.8,2015
2015-07-22,529317.8999999999,2015
2015-07-23,535552.7,2015
2015-07-24,545187.6000000001,2015
2015-07-25,554941.4,2015
2015-07-26,562970.8,2015
2015-07-27,565197.5,2015
2015-07-28,568174.5,2015
2015-07-29,569422.3,2015
2015-07-30,571502.4,2015
2015-07-31,589985.9,2015
2015-08-01,601433.5,2015
2015-08-02,604192.4,2015
2015-08-03,607671.8,2015
2015-08-04,610671.8,2015
2015-08-05,627919.2000000001,2015
2015-08-06,630469.6,2015
2015-08-07,633764.1000000001,2015
2015-08-08,636069.0,2015
2015-08-09,637385.7000000001,2015
2015-08-10,638200.3999999999,2015
2015-08-11,638999.6,2015
2015-08-12,638843.9000000001,2015
2015-08-13,638920.1000000001,2015
2015-08-14,643424.2999999999,2015
2015-08-15,644237.2999999999,2015
2015-08-16,647525.2000000001,2015
2015-08-17,649832.1000000001,2015
2015-08-18,650491.2999999999,2015
2015-08-19,651677.3999999999,2015
2015-08-20,652457.5,2015
2015-08-21,653123.3,2015
2015-08-22,652499.6,2015
2015-08-23,652537.5,2015
2015-08-24,652198.6,2015
2015-08-25,652324.5,2015
2015-08-26,653954.5,2015
2015-08-27,654154.7,2015
2015-08-28,654062.6,2015
2015-08-29,654279.7,2015
2015-08-30,654191.0,2015
2015-08-31,656048.2,2015
2015-09-01,662489.3,2015
2015-09-02,665578.0,2015
2015-09-03,667582.6000000001,2015
2015-09-04,666644.7000000001,2015
2015-09-05,666539.5000000001,2015
2015-09-06,666324.9,2015
2015-09-07,667192.4,2015
2015-09-08,669177.5,2015
2015-09-09,669092.9999999999,2015
2015-09-10,669025.8,2015
2015-09-11,669500.7,2015
2015-09-12,670603.1,2015
2015-09-13,670787.1,2015
2015-09-14,670063.4,2015
2015-09-15,670162.8,2015
2015-09-16,669940.7,2015
2015-09-17,670138.5,2015
2015-09-18,670362.3,2015
2015-09-19,669602.3999999999,2015
2015-09-20,669344.2,2015
2015-09-21,668738.2,2015
2015-09-22,667644.4999999999,2015
2015-09-23,667240.9,2015
2015-09-24,666634.7,2015
2015-09-25,665801.4999999999,2015
2015-09-26,665768.2,2015
2015-09-27,665566.4,2015
2015-09-28,665740.3999999999,2015
2015-09-29,665120.3,2015
2015-09-30,666848.5,2015
2015-10-01,667421.6,2015
2015-10-02,667381.4,2015
2015-10-03,667573.7,2015
2015-10-04,665927.7000000001,2015
2015-10-05,665811.4,2015
2015-10-06,667752.5,2015
2015-10-07,667005.2999999999,2015
2015-10-08,666329.8,2015
2015-10-09,665633.5,2015
2015-10-10,665363.7999999999,2015
2015-10-11,664458.9,2015
2015-10-12,663599.4,2015
2015-10-13,663417.2,2015
2015-10-14,663353.3,2015
2015-10-15,664574.9,2015
2015-10-16,663146.3,2015
2015-10-17,663172.0000000001,2015
2015-10-18,662784.2000000001,2015
2015-10-19,661814.8,2015
2015-10-20,660482.2000000001,2015
2015-10-21,658725.3,2015
2015-10-22,656927.4,2015
2015-10-23,655843.7000000001,2015
2015-10-24,654283.1000000001,2015
2015-10-25,653577.6000000001,2015
2015-10-26,650794.3,2015
2015-10-27,648290.0000000001,2015
2015-10-28,646951.9,2015
2015-10-29,645488.3,2015
2015-10-30,643784.1000000001,2015
2015-10-31,642307.9,2015
2015-11-01,640957.0,2015
2015-11-02,639446.1,2015
2015-11-03,637829.6,2015
2015-11-04,634871.7000000001,2015
2015-11-05,632323.9000000001,2015
2015-11-06,636102.5,2015
2015-11-07,627416.7000000001,2015
2015-11-08,626269.2999999999,2015
2015-11-09,625114.4,2015
2015-11-10,623159.3999999999,2015
2015-11-11,621001.8,2015
2015-11-12,617877.3999999999,2015
2015-11-13,615585.7,2015
2015-11-14,614066.1,2015
2015-11-15,612195.4,2015
2015-11-16,611342.1000000001,2015
2015-11-17,609736.2000000001,2015
2015-11-18,607476.7,2015
2015-11-19,604490.4,2015
2015-11-20,598800.6000000001,2015
2015-11-21,600412.2000000001,2015
2015-11-22,599062.5,2015
2015-11-23,598130.2,2015
2015-11-24,595879.8,2015
2015-11-25,591286.3999999999,2015
2015-11-26,591888.2000000001,2015
2015-11-27,589971.6,2015
2015-11-28,587411.7,2015
2015-11-29,585834.8,2015
2015-11-30,584128.8,2015
2015-12-01,581879.1000000001,2015
2015-12-02,580007.5,2015
2015-12-03,578079.4,2015
2015-12-04,574979.7,2015
2015-12-05,571511.1,2015
2015-12-06,570431.3,2015
2015-12-07,569147.2,2015
2015-12-08,566150.5,2015
2015-12-09,563242.2,2015
2015-12-10,561212.0,2015
2015-12-11,558349.7000000001,2015
2015-12-12,555021.7999999999,2015
2015-12-13,552162.0,2015
2015-12-14,549611.3999999999,2015
2015-12-15,544805.7000000001,2015
2015-12-16,542197.7999999999,2015
2015-12-17,539221.7999999999,2015
2015-12-18,539500.8,2015
2015-12-19,535746.5,2015
2015-12-20,533794.4,2015
2015-12-21,531622.1,2015
2015-12-22,529095.9,2015
2015-12-23,525840.6,2015
2015-12-24,524009.5,2015
2015-12-25,521776.19999999995,2015
2015-12-26,519528.0,2015
2015-12-27,516289.8,2015
2015-12-28,513905.69999999995,2015
2015-12-29,511568.6,2015
2015-12-30,509084.1,2015
2015-12-31,506657.7,2015
2016-01-01,500983.7,2016
2016-01-02,500507.8,2016
2016-01-03,498692.5,2016
2016-01-04,496373.6,2016
2016-01-05,494248.89999999997,2016
2016-01-06,491135.39999999997,2016
2016-01-07,488592.2,2016
2016-01-08,485389.70000000007,2016
2016-01-09,483974.1,2016
2016-01-10,482082.80000000005,2016
2016-01-11,477916.9,2016
2016-01-12,475429.9000000001,2016
2016-01-13,472811.0,2016
2016-01-14,469542.4,2016
2016-01-15,467355.60000000003,2016
2016-01-16,464277.19999999995,2016
2016-01-17,461608.4,2016
2016-01-18,459297.0,2016
2016-01-19,454156.1,2016
2016-01-20,451380.7,2016
2016-01-21,448255.89999999997,2016
2016-01-22,445607.5,2016
2016-01-23,442673.3,2016
2016-01-24,439833.4,2016
2016-01-25,437765.89999999997,2016
2016-01-26,435174.9,2016
2016-01-27,433486.9,2016
2016-01-28,430497.5,2016
2016-01-29,427991.10000000003,2016
2016-01-30,425829.5,2016
2016-01-31,423312.89999999997,2016
2016-02-01,421285.89999999997,2016
2016-02-02,419149.1,2016
2016-02-03,416306.0,2016
2016-02-04,414228.2,2016
2016-02-05,410411.1,2016
2016-02-06,408954.6,2016
2016-02-07,405647.0,2016
2016-02-08,403408.2,2016
2016-02-09,400621.0,2016
2016-02-10,397582.5,2016
2016-02-11,395103.0,2016
2016-02-12,391709.10000000003,2016
2016-02-13,388803.8,2016
2016-02-14,387822.5,2016
2016-02-15,384191.8,2016
2016-02-16,386391.0,2016
2016-02-17,379335.0,2016
2016-02-18,377196.7,2016
2016-02-19,375697.5,2016
2016-02-20,372898.7,2016
2016-02-21,370194.1,2016
2016-02-22,368153.99999999994,2016
2016-02-23,363012.69999999995,2016
2016-02-24,360933.9,2016
2016-02-25,359990.7,2016
2016-02-26,358428.8,2016
2016-02-27,355970.10000000003,2016
2016-02-28,353437.80000000005,2016
2016-02-29,350231.5,2016
2016-03-01,348380.3,2016
2016-03-02,346228.7,2016
2016-03-03,345041.1,2016
2016-03-04,343819.99999999994,2016
2016-03-05,341634.70000000007,2016
2016-03-06,339637.1,2016
2016-03-07,338446.0,2016
2016-03-08,336230.0,2016
2016-03-09,333743.9,2016
2016-03-10,330681.9,2016
2016-03-11,328520.19999999995,2016
2016-03-12,326445.0,2016
2016-03-13,324523.2,2016
2016-03-14,321781.5,2016
2016-03-15,319927.10000000003,2016
2016-03-16,316960.6,2016
2016-03-17,315520.3,2016
2016-03-18,313699.69999999995,2016
2016-03-19,311925.20000000007,2016
2016-03-20,310191.3,2016
2016-03-21,308413.9,2016
2016-03-22,306052.8,2016
2016-03-23,304149.89999999997,2016
2016-03-24,302439.30000000005,2016
2016-03-25,300796.2,2016
2016-03-26,299292.2,2016
2016-03-27,298467.0,2016
2016-03-28,297085.0,2016
2016-03-29,297107.19999999995,2016
2016-03-30,295771.9,2016
2016-03-31,293837.1,2016
2016-04-01,292157.89999999997,2016
2016-04-02,291837.4,2016
2016-04-03,291534.6,2016
2016-04-04,289853.39999999997,2016
2016-04-05,288916.89999999997,2016
2016-04-06,287521.19999999995,2016
2016-04-07,285964.3,2016
2016-04-08,284617.0,2016
2016-04-09,283878.10000000003,2016
2016-04-10,281693.79999999993,2016
2016-04-11,280339.9,2016
2016-04-12,279330.5,2016
2016-04-13,277446.0,2016
2016-04-14,275555.8,2016
2016-04-15,273950.7,2016
2016-04-16,272063.7,2016
2016-04-17,270521.6,2016
2016-04-18,269379.3,2016
2016-04-19,267657.4,2016
2016-04-20,265344.9,2016
2016-04-21,265135.3,2016
2016-04-22,265009.6,2016
2016-04-23,276288.89999999997,2016
2016-04-24,279684.89999999997,2016
2016-04-25,280745.89999999997,2016
2016-04-26,280919.9,2016
2016-04-27,280214.80000000005,2016
2016-04-28,280295.5,2016
2016-04-29,281121.30000000005,2016
2016-04-30,286543.7,2016
2016-05-01,288347.89999999997,2016
2016-05-02,288773.69999999995,2016
2016-05-03,289115.9,2016
2016-05-04,290058.89999999997,2016
2016-05-05,289815.7,2016
2016-05-06,288998.19999999995,2016
2016-05-07,287792.8,2016
2016-05-08,286852.3,2016
2016-05-09,286539.2,2016
2016-05-10,285558.5,2016
2016-05-11,285028.9,2016
2016-05-12,284202.6,2016
2016-05-13,283378.0,2016
2016-05-14,282467.60000000003,2016
2016-05-15,282024.1,2016
2016-05-16,280832.8,2016
2016-05-17,279763.9,2016
2016-05-18,278952.5,2016
2016-05-19,278295.3,2016
2016-05-20,277594.0,2016
2016-05-21,276801.7,2016
2016-05-22,276010.39999999997,2016
2016-05-23,275670.1,2016
2016-05-24,275243.80000000005,2016
2016-05-25,275276.60000000003,2016
2016-05-26,274607.2,2016
2016-05-27,274654.0,2016
2016-05-28,273994.3,2016
2016-05-29,273446.19999999995,2016
2016-05-30,272219.0,2016
2016-05-31,271874.8,2016
2016-06-01,271004.4,2016
2016-06-02,269892.9,2016
2016-06-03,270612.1,2016
2016-06-04,269564.2,2016
2016-06-05,267987.8,2016
2016-06-06,265192.9,2016
2016-06-07,265745.60000000003,2016
2016-06-08,264773.60000000003,2016
2016-06-09,263978.6,2016
2016-06-10,263271.70000000007,2016
2016-06-11,267828.9,2016
2016-06-12,269215.6,2016
2016-06-13,269831.6,2016
2016-06-14,269871.0,2016
2016-06-15,274965.30000000005,2016
2016-06-16,288191.80000000005,2016
2016-06-17,293336.69999999995,2016
2016-06-18,295288.19999999995,2016
2016-06-19,301742.0,2016
2016-06-20,307447.3,2016
2016-06-21,315332.80000000005,2016
2016-06-22,318834.39999999997,2016
2016-06-23,321255.4,2016
2016-06-24,322743.30000000005,2016
2016-06-25,323313.4,2016
2016-06-26,323672.3,2016
2016-06-27,327329.2,2016
2016-06-28,335942.3,2016
2016-06-29,339495.20000000007,2016
2016-06-30,342767.0,2016
2016-07-01,346240.60000000003,2016
2016-07-02,356593.8,2016
2016-07-03,362238.69999999995,2016
2016-07-04,365507.5,2016
2016-07-05,367417.9,2016
2016-07-06,374201.9,2016
2016-07-07,380148.6,2016
2016-07-08,383712.70000000007,2016
2016-07-09,384897.2,2016
2016-07-10,388336.6,2016
2016-07-11,389538.60000000003,2016
2016-07-12,389764.10000000003,2016
2016-07-13,390598.60000000003,2016
2016-07-14,391682.8,2016
2016-07-15,392320.9,2016
2016-07-16,391370.39999999997,2016
2016-07-17,391743.3,2016
2016-07-18,393918.60000000003,2016
2016-07-19,394579.0,2016
2016-07-20,394632.2,2016
2016-07-21,413160.39999999997,2016
2016-07-22,420476.1,2016
2016-07-23,427857.69999999995,2016
2016-07-24,430888.5,2016
2016-07-25,435551.7,2016
2016-07-26,440256.79999999993,2016
2016-07-27,453287.0,2016
2016-07-28,457527.49999999994,2016
2016-07-29,468870.00000000006,2016
2016-07-30,476335.19999999995,2016
2016-07-31,480684.99999999994,2016
2016-08-01,486071.39999999997,2016
2016-08-02,488332.0,2016
2016-08-03,492849.99999999994,2016
2016-08-04,496374.3,2016
2016-08-05,499191.0999999999,2016
2016-08-06,500310.8,2016
2016-08-07,500839.89999999997,2016
2016-08-08,505148.9,2016
2016-08-09,506086.3,2016
2016-08-10,506546.0,2016
2016-08-11,507951.89999999997,2016
2016-08-12,508050.0,2016
2016-08-13,506324.89999999997,2016
2016-08-14,507345.6,2016
2016-08-15,516711.3,2016
2016-08-16,519460.9,2016
2016-08-17,519847.8,2016
2016-08-18,520910.2,2016
2016-08-19,521752.99999999994,2016
2016-08-20,522406.39999999997,2016
2016-08-21,524357.2999999999,2016
2016-08-22,528386.2,2016
2016-08-23,532993.6,2016
2016-08-24,536465.1,2016
2016-08-25,540528.8999999999,2016
2016-08-26,541787.9,2016
2016-08-27,542378.7999999999,2016
2016-08-28,544025.4,2016
2016-08-29,545055.6,2016
2016-08-30,545822.8999999999,2016
2016-08-31,546336.1,2016
2016-09-01,546750.3,2016
2016-09-02,546542.1,2016
2016-09-03,547830.9,2016
2016-09-04,548093.7,2016
2016-09-05,547883.4,2016
2016-09-06,550944.9000000001,2016
2016-09-07,553176.8,2016
2016-09-08,553553.7,2016
2016-09-09,554549.2,2016
2016-09-10,555184.8999999999,2016
2016-09-11,555861.9,2016
2016-09-12,556264.5,2016
2016-09-13,556809.8,2016
2016-09-14,556760.7,2016
2016-09-15,556223.3999999999,2016
2016-09-16,556156.7,2016
2016-09-17,557902.7,2016
2016-09-18,558084.5,2016
2016-09-19,559517.7,2016
2016-09-20,561152.6,2016
2016-09-21,560664.0,2016
2016-09-22,561126.6,2016
2016-09-23,560767.7000000001,2016
2016-09-24,560272.7,2016
2016-09-25,560239.7000000001,2016
2016-09-26,560618.4,2016
2016-09-27,561257.6,2016
2016-09-28,561781.3,2016
2016-09-29,563284.8,2016
2016-09-30,563995.6,2016
2016-10-01,564537.1000000001,2016
2016-10-02,564967.3,2016
2016-10-03,564007.7,2016
2016-10-04,563260.9,2016
2016-10-05,562804.0,2016
2016-10-06,562843.0,2016
2016-10-07,561634.8,2016
2016-10-08,561540.9,2016
2016-10-09,561491.5,2016
2016-10-10,561366.1000000001,2016
2016-10-11,559722.6,2016
2016-10-12,561256.7,2016
2016-10-13,561266.4,2016
2016-10-14,560231.8,2016
2016-10-15,559203.1000000001,2016
2016-10-16,558603.5,2016
2016-10-17,557788.6000000001,2016
2016-10-18,557283.4,2016
2016-10-19,555949.5,2016
2016-10-20,555565.9,2016
2016-10-21,554629.4,2016
2016-10-22,554154.2999999999,2016
2016-10-23,553124.4,2016
2016-10-24,553031.6000000001,2016
2016-10-25,552100.7,2016
2016-10-26,550908.4,2016
2016-10-27,550049.4,2016
2016-10-28,548044.8,2016
2016-10-29,546985.7000000001,2016
2016-10-30,546457.0,2016
2016-10-31,545586.9000000001,2016
2016-11-01,545040.6000000001,2016
2016-11-02,542922.9000000001,2016
2016-11-03,542248.3,2016
2016-11-04,541191.7,2016
2016-11-05,538899.8,2016
2016-11-06,537027.0,2016
2016-11-07,535581.4,2016
2016-11-08,534272.1000000001,2016
2016-11-09,532333.6,2016
2016-11-10,530343.7,2016
2016-11-11,526366.2,2016
2016-11-12,525207.7999999999,2016
2016-11-13,524091.2,2016
2016-11-14,522892.4,2016
2016-11-15,519032.1,2016
2016-11-16,516149.8,2016
2016-11-17,512305.6,2016
2016-11-18,511133.3,2016
2016-11-19,510834.1,2016
2016-11-20,510248.1,2016
2016-11-21,504810.60000000003,2016
2016-11-22,504357.6,2016
2016-11-23,502355.6,2016
2016-11-24,499982.5,2016
2016-11-25,498559.0,2016
2016-11-26,497467.19999999995,2016
2016-11-27,496426.5,2016
2016-11-28,492882.8,2016
2016-11-29,491522.1,2016
2016-11-30,489096.1,2016
2016-12-01,487222.6,2016
2016-12-02,484652.0,2016
2016-12-03,483170.6,2016
2016-12-04,482048.39999999997,2016
2016-12-05,478677.3,2016
2016-12-06,476347.89999999997,2016
2016-12-07,473623.89999999997,2016
2016-12-08,471667.79999999993,2016
2016-12-09,468072.39999999997,2016
2016-12-10,466273.0,2016
2016-12-11,465118.30000000005,2016
2016-12-12,463129.39999999997,2016
2016-12-13,461362.8,2016
2016-12-14,458780.6,2016
2016-12-15,456664.19999999995,2016
2016-12-16,456023.3,2016
2016-12-17,455295.5,2016
2016-12-18,454124.60000000003,2016
2016-12-19,449818.3,2016
2016-12-20,445911.39999999997,2016
2016-12-21,442038.8,2016
2016-12-22,439999.8,2016
2016-12-23,437528.8,2016
2016-12-24,436886.1,2016
2016-12-25,436866.1,2016
2016-12-26,435883.89999999997,2016
2016-12-27,434799.5,2016
2016-12-28,429016.6,2016
2016-12-29,426842.5,2016
2016-12-30,424663.8,2016
2016-12-31,423556.1,2016
2017-01-01,421556.7,2017
2017-01-02,416931.1,2017
2017-01-03,415355.39999999997,2017
2017-01-04,413370.39999999997,2017
2017-01-05,411319.49999999994,2017
2017-01-06,408869.69999999995,2017
2017-01-07,406312.4,2017
2017-01-08,405627.2,2017
2017-01-09,401595.0,2017
2017-01-10,398942.9,2017
2017-01-11,396913.29999999993,2017
2017-01-12,393891.6,2017
2017-01-13,391425.3,2017
2017-01-14,390588.10000000003,2017
2017-01-15,389698.7,2017
2017-01-16,385181.1,2017
2017-01-17,383702.3,2017
2017-01-18,382359.8,2017
2017-01-19,377006.9,2017
2017-01-20,374630.7,2017
2017-01-21,373840.2,2017
2017-01-22,372738.9,2017
2017-01-23,366491.3,2017
2017-01-24,364936.5,2017
2017-01-25,362609.5,2017
2017-01-26,359419.5,2017
2017-01-27,358582.6,2017
2017-01-28,358346.1,2017
2017-01-29,357409.89999999997,2017
2017-01-30,355166.3,2017
2017-01-31,353211.0,2017
2017-02-01,351097.2,2017
2017-02-02,348416.7,2017
2017-02-03,346741.44299999997,2017
2017-02-04,345900.41599999997,2017
2017-02-05,344752.038,2017
2017-02-06,339760.94700000004,2017
2017-02-07,336848.387,2017
2017-02-08,335816.483,2017
2017-02-09,333827.097,2017
2017-02-10,329290.527,2017
2017-02-11,328604.18200000003,2017
2017-02-12,327932.56,2017
2017-02-13,328816.629,2017
2017-02-14,326962.707,2017
2017-02-15,321835.072,2017
2017-02-16,320281.709,2017
2017-02-17,318724.855,2017
2017-02-18,318081.158,2017
2017-02-19,317299.68,2017
2017-02-20,313195.779,2017
2017-02-21,310696.184,2017
2017-02-22,308079.552,2017
2017-02-23,306940.463,2017
2017-02-24,303767.51699999993,2017
2017-02-25,303150.391,2017
2017-02-26,302427.90599999996,2017
2017-02-27,299951.394,2017
2017-02-28,297368.204,2017
2017-03-01,294386.967,2017
2017-03-02,292133.6,2017
2017-03-03,290790.505,2017
2017-03-04,290126.47599999997,2017
2017-03-05,289338.105,2017
2017-03-06,285662.551,2017
2017-03-07,283615.682,2017
2017-03-08,281228.00299999997,2017
2017-03-09,278740.337,2017
2017-03-10,277258.879,2017
2017-03-11,276829.24199999997,2017
2017-03-12,276144.77,2017
2017-03-13,272671.99,2017
2017-03-14,271119.181,2017
2017-03-15,269442.204,2017
2017-03-16,266247.52999999997,2017
2017-03-17,264470.86699999997,2017
2017-03-18,263749.089,2017
2017-03-19,263154.369,2017
2017-03-20,259946.987,2017
2017-03-21,259613.202,2017
2017-03-22,256317.249,2017
2017-03-23,254554.09399999998,2017
2017-03-24,253113.933,2017
2017-03-25,252768.37800000003,2017
2017-03-26,252381.96000000002,2017
2017-03-27,248235.122,2017
2017-03-28,244581.66199999998,2017
2017-03-29,244502.809,2017
2017-03-30,243607.211,2017
2017-03-31,241937.67900000003,2017
2017-04-01,242410.38800000004,2017
2017-04-02,241858.45200000002,2017
2017-04-03,238785.401,2017
2017-04-04,237160.68400000004,2017
2017-04-05,235835.91,2017
2017-04-06,233943.301,2017
2017-04-07,233038.03699999998,2017
2017-04-08,232547.929,2017
2017-04-09,231650.29,2017
2017-04-10,228897.927,2017
2017-04-11,226576.03199999998,2017
2017-04-12,223139.535,2017
2017-04-13,223996.016,2017
2017-04-14,223784.971,2017
2017-04-15,223574.41,2017
2017-04-16,223363.918,2017
2017-04-17,219637.132,2017
2017-04-18,218181.40299999996,2017
2017-04-19,216364.40899999996,2017
2017-04-20,215307.95299999998,2017
2017-04-21,214200.01599999997,2017
2017-04-22,214282.563,2017
2017-04-23,214573.87399999998,2017
2017-04-24,211798.786,2017
2017-04-25,211204.935,2017
2017-04-26,210611.943,2017
2017-04-27,209874.96,2017
2017-04-28,207942.139,2017
2017-04-29,207584.41400000002,2017
2017-04-30,207457.345,2017
2017-05-01,207146.662,2017
2017-05-02,197381.947,2017
2017-05-03,205792.321,2017
2017-05-04,204597.016,2017
2017-05-05,203610.243,2017
2017-05-06,203497.61200000002,2017
2017-05-07,203514.335,2017
2017-05-08,200191.054,2017
2017-05-09,199522.81300000002,2017
2017-05-10,198765.97100000002,2017
2017-05-11,197913.058,2017
2017-05-12,196879.63400000002,2017
2017-05-13,196482.08800000002,2017
2017-05-14,195643.03000000003,2017
2017-05-15,193027.474,2017
2017-05-16,192085.448,2017
2017-05-17,190863.966,2017
2017-05-18,189675.821,2017
2017-05-19,188863.11100000003,2017
2017-05-20,188448.831,2017
2017-05-21,188177.022,2017
2017-05-22,186920.70500000002,2017
2017-05-23,186086.47000000003,2017
2017-05-24,183343.439,2017
2017-05-25,182352.342,2017
2017-05-26,181547.78600000002,2017
2017-05-27,181192.469,2017
2017-05-28,180579.50400000002,2017
2017-05-29,179508.38199999998,2017
2017-05-30,178816.88300000003,2017
2017-05-31,177825.217,2017
2017-06-01,176777.469,2017
2017-06-02,179725.99800000002,2017
2017-06-03,178829.02500000002,2017
2017-06-04,178474.333,2017
2017-06-05,178870.03900000002,2017
2017-06-06,177192.74,2017
2017-06-07,178038.87000000002,2017
2017-06-08,182775.75100000002,2017
2017-06-09,186035.127,2017
2017-06-10,186852.98700000002,2017
2017-06-11,190125.859,2017
2017-06-12,193277.85800000004,2017
2017-06-13,196303.19,2017
2017-06-14,199233.53100000002,2017
2017-06-15,204643.49899999998,2017
2017-06-16,207317.879,2017
2017-06-17,209114.459,2017
2017-06-18,209960.835,2017
2017-06-19,210099.089,2017
2017-06-20,211007.94299999997,2017
2017-06-21,211932.002,2017
2017-06-22,212722.917,2017
2017-06-23,217965.27,2017
2017-06-24,219881.06199999998,2017
2017-06-25,221510.124,2017
2017-06-26,222796.167,2017
2017-06-27,224403.38899999997,2017
2017-06-28,224757.616,2017
2017-06-29,226022.947,2017
2017-06-30,226141.611,2017
2017-07-01,227763.08899999998,2017
2017-07-02,228643.61200000002,2017
2017-07-03,229894.675,2017
2017-07-04,229590.747,2017
2017-07-05,230092.224,2017
2017-07-06,229584.344,2017
2017-07-07,229008.523,2017
2017-07-08,228671.30700000003,2017
2017-07-09,228721.032,2017
2017-07-10,231356.377,2017
2017-07-11,232606.582,2017
2017-07-12,233404.938,2017
2017-07-13,233348.332,2017
2017-07-14,233442.827,2017
2017-07-15,234125.578,2017
2017-07-16,236531.264,2017
2017-07-17,240153.023,2017
2017-07-18,242237.728,2017
2017-07-19,244327.024,2017
2017-07-20,245468.245,2017
2017-07-21,246995.601,2017
2017-07-22,247565.2978,2017
2017-07-23,248156.9349,2017
2017-07-24,249216.2299,2017
2017-07-25,249719.883,2017
2017-07-26,251351.621,2017
2017-07-27,252891.653,2017
2017-07-28,253888.435,2017
2017-07-29,254001.536,2017
2017-07-30,253744.627,2017
2017-07-31,253789.88900000002,2017
2017-08-01,253541.403,2017
2017-08-02,256112.70899999997,2017
2017-08-03,258926.8,2017
2017-08-04,260145.84500000003,2017
2017-08-05,265418.995,2017
2017-08-06,266380.999,2017
2017-08-07,266971.011,2017
2017-08-08,267079.94899999996,2017
2017-08-09,266905.52099999995,2017
2017-08-10,266771.55199999997,2017
2017-08-11,268580.87100000004,2017
2017-08-12,277379.70399999997,2017
2017-08-13,281174.051,2017
2017-08-14,282638.356,2017
2017-08-15,284049.387,2017
2017-08-16,286282.65199999994,2017
2017-08-17,289746.65699999995,2017
2017-08-18,292267.424,2017
2017-08-19,293406.74,2017
2017-08-20,294326.089,2017
2017-08-21,295131.714,2017
2017-08-22,297116.621,2017
2017-08-23,300027.484,2017
2017-08-24,303650.304,2017
2017-08-25,309008.997,2017
2017-08-26,309276.7729999999,2017
2017-08-27,309672.51999999996,2017
2017-08-28,310546.436,2017
2017-08-29,311876.04299999995,2017
2017-08-30,315239.255,2017
2017-08-31,315358.867,2017
2017-09-01,316850.29000000004,2017
2017-09-02,317933.494,2017
2017-09-03,318559.767,2017
2017-09-04,319000.85,2017
2017-09-05,318883.57800000004,2017
2017-09-06,320047.59799999994,2017
2017-09-07,320737.539,2017
2017-09-08,324187.434,2017
2017-09-09,334028.901,2017
2017-09-10,335922.48299999995,2017
2017-09-11,337626.246,2017
2017-09-12,339471.62700000004,2017
2017-09-13,339769.94999999995,2017
2017-09-14,339450.086,2017
2017-09-15,339700.93899999995,2017
2017-09-16,339883.644,2017
2017-09-17,340287.73400000005,2017
2017-09-18,340888.603,2017
2017-09-19,341072.11400000006,2017
2017-09-20,340585.758,2017
2017-09-21,340182.795,2017
2017-09-22,340611.485,2017
2017-09-23,340259.25499999995,2017
2017-09-24,340317.078,2017
2017-09-25,340033.888,2017
2017-09-26,341068.734,2017
2017-09-27,341801.632,2017
2017-09-28,341759.60199999996,2017
2017-09-29,341550.13599999994,2017
2017-09-30,341740.24199999997,2017
2017-10-01,341489.198,2017
2017-10-02,341132.38099999994,2017
2017-10-03,344062.507,2017
2017-10-04,341879.86199999996,2017
2017-10-05,342725.135,2017
2017-10-06,343266.006,2017
2017-10-07,343317.881,2017
2017-10-08,343360.76599999995,2017
2017-10-09,343436.918,2017
2017-10-10,343359.904,2017
2017-10-11,342842.783,2017
2017-10-12,342167.424,2017
2017-10-13,341187.515,2017
2017-10-14,340502.102,2017
2017-10-15,339960.89900000003,2017
2017-10-16,339913.40599999996,2017
2017-10-17,340761.035,2017
2017-10-18,342091.074,2017
2017-10-19,344279.361,2017
2017-10-20,346673.269,2017
2017-10-21,348321.9039999999,2017
2017-10-22,349239.414,2017
2017-10-23,349751.722,2017
2017-10-24,350004.47000000003,2017
2017-10-25,350148.589,2017
2017-10-26,350217.33800000005,2017
2017-10-27,350223.879,2017
2017-10-28,350278.84500000003,2017
2017-10-29,349610.70900000003,2017
2017-10-30,349162.079,2017
2017-10-31,348687.67199999996,2017
2017-11-01,348330.316,2017
2017-11-02,347177.674,2017
2017-11-03,346438.636,2017
2017-11-04,345657.39,2017
2017-11-05,344355.893,2017
2017-11-06,343224.428,2017
2017-11-07,342976.60000000003,2017
2017-11-08,342234.6159999999,2017
2017-11-09,340689.148,2017
2017-11-10,338669.94099999993,2017
2017-11-11,337243.48099999997,2017
2017-11-12,336241.252,2017
2017-11-13,334430.35299999994,2017
2017-11-14,333912.93299999996,2017
2017-11-15,333601.985,2017
2017-11-16,333276.265,2017
2017-11-17,332487.34800000006,2017
2017-11-18,330987.125,2017
2017-11-19,329742.583,2017
2017-11-20,328833.37700000004,2017
2017-11-21,329305.254,2017
2017-11-22,330047.08300000004,2017
2017-11-23,330662.999,2017
2017-11-24,330569.274,2017
2017-11-25,330027.024,2017
2017-11-26,328858.87600000005,2017
2017-11-27,328105.804,2017
2017-11-28,326853.95000000007,2017
2017-11-29,325628.329,2017
2017-11-30,324155.06100000005,2017
2017-12-01,323097.29299999995,2017
2017-12-02,321707.783,2017
2017-12-03,320482.532,2017
2017-12-04,318902.572,2017
2017-12-05,317538.963,2017
2017-12-06,316089.75200000004,2017
